{
    "caud": 0.8896699420508944,
    "dors": 0.874902873620833,
    "fron": 0.8321858758679289,
    "late": 0.85041616691275
}