{
    "caud": 0.7185384855440722,
    "dors": 0.7483635709376638,
    "fron": 0.5482169910599495,
    "late": 0.815035477151671
}